Detection Date,Run File Name,Sample ID,Cup Number,Auto Dilution Factor,Manual Dilution Factor,Analyte Name,Concentration Units,Peak Height,Peak Area,Peak Concentration,Analyte Name,Concentration Units,Peak Height,Peak Area,Peak Concentration

2/22/2023,OM_2-22-2023_11-17-20AM.OMN,dye,S16,1,1,TN,ug N/L,0.0372,0.583,-57.5,TP,ug P/L,0.0873,1.1,-15.8
2/22/2023,OM_2-22-2023_11-17-20AM.OMN,dye,S16,1,1,TN,ug N/L,-0.0566,-0.62,-114,TP,ug P/L,0.0886,1.03,-18
2/22/2023,OM_2-22-2023_11-17-20AM.OMN,nitrite in water,S1,1,1,TN,ug N/L,2.21,30.7,1430,TP,ug P/L,0.0938,1.15,-14.2
2/22/2023,OM_2-22-2023_11-17-20AM.OMN,nitrate in water,S2,1,1,TN,ug N/L,2.12,29.5,1370,TP,ug P/L,0.101,1.3,-9.25
2/22/2023,OM_2-22-2023_11-17-20AM.OMN,chk 25/260,7,1,1,TN,ug N/L,0.518,7.09,253,TP,ug P/L,0.139,2.36,25
2/22/2023,OM_2-22-2023_11-17-20AM.OMN,water,S3,1,1,TN,ug N/L,-0.0544,-1.51,-156,TP,ug P/L,0.0954,1.2,-12.6
2/22/2023,OM_2-22-2023_11-17-20AM.OMN,bisulfate,S4,1,1,TN,ug N/L,-0.0206,-0.453,-106,TP,ug P/L,0.0174,0.177,-45.2
2/22/2023,OM_2-22-2023_11-17-20AM.OMN,waterblank,20,1,1,TN,ug N/L,0.12,2.25,21.3,TP,ug P/L,0.0912,1.63,1.27
2/22/2023,OM_2-22-2023_11-17-20AM.OMN,waterbnal,21,1,1,TN,ug N/L,0.118,1.76,-1.84,TP,ug P/L,0.0902,1.57,-0.434
2/22/2023,OM_2-22-2023_11-17-20AM.OMN,waterbnalk,22,1,1,TN,ug N/L,0.117,1.79,-0.506,TP,ug P/L,0.0908,1.55,-1.37
2/22/2023,OM_2-22-2023_11-17-20AM.OMN,waterblnak,23,1,1,TN,ug N/L,0.136,2.5,33.1,TP,ug P/L,0.0838,1.37,-7.17
2/22/2023,OM_2-22-2023_11-17-20AM.OMN,waterblank,24,1,1,TN,ug N/L,0.135,1.88,3.6,TP,ug P/L,0.0904,1.56,-0.962
2/22/2023,OM_2-22-2023_11-17-20AM.OMN,digestchk,25,1,1,TN,ug N/L,0.718,10.1,398,TP,ug P/L,0.157,2.66,35.1
2/22/2023,OM_2-22-2023_11-17-20AM.OMN,digestchk,26,1,1,TN,ug N/L,0.723,9.81,384,TP,ug P/L,0.158,2.69,36.1
2/22/2023,OM_2-22-2023_11-17-20AM.OMN,digestchk,27,1,1,TN,ug N/L,0.705,9.76,382,TP,ug P/L,0.16,2.76,38.4
2/22/2023,OM_2-22-2023_11-17-20AM.OMN,digsetchk,28,1,1,TN,ug N/L,0.74,10.5,417,TP,ug P/L,0.159,2.79,39.3
2/22/2023,OM_2-22-2023_11-17-20AM.OMN,digestchk,29,1,1,TN,ug N/L,0.716,9.9,389,TP,ug P/L,0.157,2.61,33.4
2/22/2023,OM_2-22-2023_11-17-20AM.OMN,spkblank,30,1,1,TN,ug N/L,0.522,7.34,265,TP,ug P/L,0.139,2.38,25.7
2/22/2023,OM_2-22-2023_11-17-20AM.OMN,spkblank,31,1,1,TN,ug N/L,0.503,7.77,285,TP,ug P/L,0.135,2.25,21.7
2/22/2023,OM_2-22-2023_11-17-20AM.OMN,spkblank,32,1,1,TN,ug N/L,0.52,7.14,255,TP,ug P/L,0.136,2.28,22.4
2/22/2023,OM_2-22-2023_11-17-20AM.OMN,spkblank,33,1,1,TN,ug N/L,0.488,6.62,230,TP,ug P/L,0.134,2.24,21.2
2/22/2023,OM_2-22-2023_11-17-20AM.OMN,spkblank,34,1,1,TN,ug N/L,0.486,6.71,234,TP,ug P/L,0.135,2.31,23.5
2/22/2023,OM_2-22-2023_11-17-20AM.OMN,S1,35,1,1,TN,ug N/L,0.591,8.16,304,TP,ug P/L,0.131,2.23,21.1
2/22/2023,OM_2-22-2023_11-17-20AM.OMN,S2,36,1,1,TN,ug N/L,0.46,5.97,198,TP,ug P/L,0.198,3.34,57.7
2/22/2023,OM_2-22-2023_11-17-20AM.OMN,S3,37,1,1,TN,ug N/L,0.86,11.7,475,TP,ug P/L,0.144,2.43,27.5
2/22/2023,OM_2-22-2023_11-17-20AM.OMN,S4,38,1,1,TN,ug N/L,0.798,11,443,TP,ug P/L,0.153,2.6,33
2/22/2023,OM_2-22-2023_11-17-20AM.OMN,S5,39,1,1,TN,ug N/L,0.51,7.02,249,TP,ug P/L,0.128,2.18,19.1
2/22/2023,OM_2-22-2023_11-17-20AM.OMN,S6,40,1,1,TN,ug N/L,1.05,15.3,655,TP,ug P/L,0.18,3.01,46.7
2/22/2023,OM_2-22-2023_11-17-20AM.OMN,S7,41,1,1,TN,ug N/L,0.332,4.29,118,TP,ug P/L,0.322,5.37,126
2/22/2023,OM_2-22-2023_11-17-20AM.OMN,S8,42,1,1,TN,ug N/L,0.536,8.1,301,TP,ug P/L,0.132,2.28,22.6
2/22/2023,OM_2-22-2023_11-17-20AM.OMN,S9,43,1,1,TN,ug N/L,0.959,13.2,552,TP,ug P/L,0.131,2.27,22.4
2/22/2023,OM_2-22-2023_11-17-20AM.OMN,S10,44,1,1,TN,ug N/L,0.587,8.09,301,TP,ug P/L,0.132,2.25,21.6
2/22/2023,OM_2-22-2023_11-17-20AM.OMN,dupS5,45,1,1,TN,ug N/L,0.488,7.67,281,TP,ug P/L,0.123,2.12,17.3
2/22/2023,OM_2-22-2023_11-17-20AM.OMN,spkS10,46,1,1,TN,ug N/L,0.943,12.8,529,TP,ug P/L,0.178,2.95,44.5
2/22/2023,OM_2-22-2023_11-17-20AM.OMN,chk25/250,7,1,1,TN,ug N/L,0.515,7.07,252,TP,ug P/L,0.137,2.3,23.3
2/22/2023,OM_2-22-2023_11-17-20AM.OMN,water,S3,1,1,TN,ug N/L,-0.00675,-0.0901,-89.2,TP,ug P/L,0.0936,1.16,-13.8
2/22/2023,OM_2-22-2023_11-17-20AM.OMN,bisulfate,S4,1,1,TN,ug N/L,-0.0737,-1.73,-166,TP,ug P/L,0.0171,0.157,-45.8
2/22/2023,OM_2-22-2023_11-17-20AM.OMN,S11,47,1,1,TN,ug N/L,0.542,7.43,269,TP,ug P/L,0.116,2.03,14.5
2/22/2023,OM_2-22-2023_11-17-20AM.OMN,S12,48,1,1,TN,ug N/L,0.816,11.1,449,TP,ug P/L,0.174,3.01,46.7
2/22/2023,OM_2-22-2023_11-17-20AM.OMN,S13,49,1,1,TN,ug N/L,0.634,8.42,317,TP,ug P/L,0.133,2.28,22.5
2/22/2023,OM_2-22-2023_11-17-20AM.OMN,S14,50,1,1,TN,ug N/L,0.275,3.86,97.9,TP,ug P/L,0.0957,1.7,3.67
2/22/2023,OM_2-22-2023_11-17-20AM.OMN,S15,51,1,1,TN,ug N/L,1.32,18.4,808,TP,ug P/L,0.121,2.07,15.8
2/22/2023,OM_2-22-2023_11-17-20AM.OMN,S16,52,1,1,TN,ug N/L,0.505,7.05,251,TP,ug P/L,0.127,2.15,18.3
2/22/2023,OM_2-22-2023_11-17-20AM.OMN,S17,53,1,1,TN,ug N/L,0.557,7.64,279,TP,ug P/L,0.133,2.29,23
2/22/2023,OM_2-22-2023_11-17-20AM.OMN,S18,54,1,1,TN,ug N/L,1.02,14.2,601,TP,ug P/L,0.143,2.46,28.6
2/22/2023,OM_2-22-2023_11-17-20AM.OMN,S19,55,1,1,TN,ug N/L,0.522,9.86,387,TP,ug P/L,0.113,2.1,16.7
2/22/2023,OM_2-22-2023_11-17-20AM.OMN,S20,56,1,1,TN,ug N/L,0.526,7.83,288,TP,ug P/L,0.111,1.87,9.33
2/22/2023,OM_2-22-2023_11-17-20AM.OMN,dupS15,57,1,1,TN,ug N/L,1.34,18.5,811,TP,ug P/L,0.127,2.2,20
2/22/2023,OM_2-22-2023_11-17-20AM.OMN,spkS20,58,1,1,TN,ug N/L,0.862,11.8,483,TP,ug P/L,0.161,2.68,35.6
2/22/2023,OM_2-22-2023_11-17-20AM.OMN,chk25/250,7,1,1,TN,ug N/L,0.524,7.35,265,TP,ug P/L,0.136,2.31,23.4
2/22/2023,OM_2-22-2023_11-17-20AM.OMN,water,S3,1,1,TN,ug N/L,0.164,1.18,-29.4,TP,ug P/L,0.096,1.17,-13.6
2/22/2023,OM_2-22-2023_11-17-20AM.OMN,bisulfate,S4,1,1,TN,ug N/L,-0.0382,-0.276,-98,TP,ug P/L,0.0187,0.176,-45.3
2/22/2023,OM_2-22-2023_11-17-20AM.OMN,S21,59,1,1,TN,ug N/L,0.603,9.69,379,TP,ug P/L,0.13,2.25,21.5
2/22/2023,OM_2-22-2023_11-17-20AM.OMN,S22,60,1,1,TN,ug N/L,0.463,6.12,206,TP,ug P/L,0.176,3.02,46.8
2/22/2023,OM_2-22-2023_11-17-20AM.OMN,S23,61,1,1,TN,ug N/L,0.969,12.9,537,TP,ug P/L,0.141,2.39,26.2
2/22/2023,OM_2-22-2023_11-17-20AM.OMN,S24,62,1,1,TN,ug N/L,0.862,11.9,484,TP,ug P/L,0.151,2.57,32.2
2/22/2023,OM_2-22-2023_11-17-20AM.OMN,S25,63,1,1,TN,ug N/L,0.6,8.65,328,TP,ug P/L,0.11,1.91,10.5
2/22/2023,OM_2-22-2023_11-17-20AM.OMN,S26,64,1,1,TN,ug N/L,0.599,9.77,382,TP,ug P/L,0.132,2.26,22
2/22/2023,OM_2-22-2023_11-17-20AM.OMN,S27,65,1,1,TN,ug N/L,1.94,25.7,1180,TP,ug P/L,0.66,10.9,322
2/22/2023,OM_2-22-2023_11-17-20AM.OMN,S28,66,1,1,TN,ug N/L,0.913,12.5,518,TP,ug P/L,0.16,2.75,37.9
2/22/2023,OM_2-22-2023_11-17-20AM.OMN,S29,67,1,1,TN,ug N/L,0.66,9.08,349,TP,ug P/L,0.13,2.3,23.3
2/22/2023,OM_2-22-2023_11-17-20AM.OMN,S30,68,1,1,TN,ug N/L,0.536,6.77,237,TP,ug P/L,0.257,4.15,84.8
2/22/2023,OM_2-22-2023_11-17-20AM.OMN,dupS25,69,1,1,TN,ug N/L,0.547,7.63,279,TP,ug P/L,0.115,1.91,10.4
2/22/2023,OM_2-22-2023_11-17-20AM.OMN,spkS30,70,1,1,TN,ug N/L,0.913,12.9,537,TP,ug P/L,0.274,4.44,94.3
2/22/2023,OM_2-22-2023_11-17-20AM.OMN,chk25/250,7,1,1,TN,ug N/L,0.646,8.75,333,TP,ug P/L,0.141,2.32,23.9
2/22/2023,OM_2-22-2023_11-17-20AM.OMN,water,S3,1,1,TN,ug N/L,0.0952,2.2,19.1,TP,ug P/L,0.0984,1.26,-10.7
2/22/2023,OM_2-22-2023_11-17-20AM.OMN,bisulfate,S4,1,1,TN,ug N/L,0.0357,0.295,-71.1,TP,ug P/L,0.0202,0.194,-44.7
2/22/2023,OM_2-22-2023_11-17-20AM.OMN,S31,71,1,1,TN,ug N/L,0.477,6.76,237,TP,ug P/L,0.12,2.06,15.4
2/22/2023,OM_2-22-2023_11-17-20AM.OMN,S32,72,1,1,TN,ug N/L,0.48,6.68,233,TP,ug P/L,0.196,3.34,57.4
2/22/2023,OM_2-22-2023_11-17-20AM.OMN,S33,73,1,1,TN,ug N/L,0.534,7.27,261,TP,ug P/L,0.118,2.02,14
2/22/2023,OM_2-22-2023_11-17-20AM.OMN,S34,74,1,1,TN,ug N/L,0.879,12.1,497,TP,ug P/L,0.359,6.03,149
2/22/2023,OM_2-22-2023_11-17-20AM.OMN,S35,75,1,1,TN,ug N/L,0.929,12.8,530,TP,ug P/L,0.171,2.9,42.8
2/22/2023,OM_2-22-2023_11-17-20AM.OMN,S36,76,1,1,TN,ug N/L,0.661,8.93,342,TP,ug P/L,0.139,2.39,26.1
2/22/2023,OM_2-22-2023_11-17-20AM.OMN,S37,77,1,1,TN,ug N/L,0.691,9.47,368,TP,ug P/L,0.143,2.37,25.6
2/22/2023,OM_2-22-2023_11-17-20AM.OMN,S38,78,1,1,TN,ug N/L,0.451,5.98,199,TP,ug P/L,0.11,1.91,10.5
2/22/2023,OM_2-22-2023_11-17-20AM.OMN,S39,79,1,1,TN,ug N/L,0.449,6.42,220,TP,ug P/L,0.115,1.97,12.3
2/22/2023,OM_2-22-2023_11-17-20AM.OMN,S40,80,1,1,TN,ug N/L,0.493,6.87,242,TP,ug P/L,0.112,1.91,10.6
2/22/2023,OM_2-22-2023_11-17-20AM.OMN,dupS35,81,1,1,TN,ug N/L,0.917,11.8,481,TP,ug P/L,0.174,2.97,45.2
2/22/2023,OM_2-22-2023_11-17-20AM.OMN,spkS40,82,1,1,TN,ug N/L,0.847,11.6,474,TP,ug P/L,0.163,2.74,37.8
2/22/2023,OM_2-22-2023_11-17-20AM.OMN,chk25/250,7,1,1,TN,ug N/L,0.533,9.63,375,TP,ug P/L,0.123,2.12,17.2
2/22/2023,OM_2-22-2023_11-17-20AM.OMN,water,S3,1,1,TN,ug N/L,0.137,1.8,-0.0997,TP,ug P/L,0.0947,1.14,-14.4
2/22/2023,OM_2-22-2023_11-17-20AM.OMN,bisulfate,S4,1,1,TN,ug N/L,-0.0581,-1.62,-161,TP,ug P/L,0.0171,0.167,-45.5
2/22/2023,OM_2-22-2023_11-17-20AM.OMN,S41,83,1,1,TN,ug N/L,0.258,5.05,154,TP,ug P/L,0.11,1.86,8.91
2/22/2023,OM_2-22-2023_11-17-20AM.OMN,S42,84,1,1,TN,ug N/L,0.904,12.4,510,TP,ug P/L,0.163,2.82,40.3
2/22/2023,OM_2-22-2023_11-17-20AM.OMN,S43,85,1,1,TN,ug N/L,0.499,6.56,227,TP,ug P/L,0.108,1.86,8.9
2/22/2023,OM_2-22-2023_11-17-20AM.OMN,S44,86,1,1,TN,ug N/L,0.672,9.23,356,TP,ug P/L,0.126,2.16,18.8
2/22/2023,OM_2-22-2023_11-17-20AM.OMN,S45,87,1,1,TN,ug N/L,1.03,14.1,593,TP,ug P/L,0.133,2.28,22.4
2/22/2023,OM_2-22-2023_11-17-20AM.OMN,S46,88,1,1,TN,ug N/L,0.284,4.12,110,TP,ug P/L,0.101,1.77,5.9
2/22/2023,OM_2-22-2023_11-17-20AM.OMN,S47,89,1,1,TN,ug N/L,0.631,9.55,372,TP,ug P/L,0.129,2.2,20
2/22/2023,OM_2-22-2023_11-17-20AM.OMN,S48,90,1,1,TN,ug N/L,0.362,5.13,159,TP,ug P/L,0.15,2.65,34.7
2/22/2023,OM_2-22-2023_11-17-20AM.OMN,S49,91,1,1,TN,ug N/L,0.754,9.69,378,TP,ug P/L,0.154,2.61,33.4
2/22/2023,OM_2-22-2023_11-17-20AM.OMN,S50,92,1,1,TN,ug N/L,0.41,5.95,198,TP,ug P/L,0.103,1.81,7.16
2/22/2023,OM_2-22-2023_11-17-20AM.OMN,dupS45,93,1,1,TN,ug N/L,1.03,14.3,605,TP,ug P/L,0.132,2.28,22.7
2/22/2023,OM_2-22-2023_11-17-20AM.OMN,spkS50,94,1,1,TN,ug N/L,0.736,10.1,398,TP,ug P/L,0.143,2.43,27.6
2/22/2023,OM_2-22-2023_11-17-20AM.OMN,chk150/1500,1,1,1,TN,ug N/L,2.44,34.8,1650,TP,ug P/L,0.362,6.07,150
2/22/2023,OM_2-22-2023_11-17-20AM.OMN,chk100/1000,3,1,1,TN,ug N/L,1.75,23,1040,TP,ug P/L,0.271,4.52,97.3
2/22/2023,OM_2-22-2023_11-17-20AM.OMN,chk50/500,5,1,1,TN,ug N/L,0.887,11.9,488,TP,ug P/L,0.184,3.1,49.4
2/22/2023,OM_2-22-2023_11-17-20AM.OMN,chk25/250,7,1,1,TN,ug N/L,0.581,7.96,295,TP,ug P/L,0.135,2.29,23
2/22/2023,OM_2-22-2023_11-17-20AM.OMN,chk10/100,9,1,1,TN,ug N/L,0.284,3.97,103,TP,ug P/L,0.11,1.89,9.8
2/22/2023,OM_2-22-2023_11-17-20AM.OMN,chk5/50,11,1,1,TN,ug N/L,0.191,2.74,44.5,TP,ug P/L,0.0975,1.68,3.03
2/22/2023,OM_2-22-2023_11-17-20AM.OMN,chk2.5/25,13,1,1,TN,ug N/L,0.305,4.77,141,TP,ug P/L,0.0945,1.62,0.901
2/22/2023,OM_2-22-2023_11-17-20AM.OMN,chk0,15,1,1,TN,ug N/L,0.124,1.9,4.56,TP,ug P/L,0.0903,1.54,-1.49
2/22/2023,OM_2-22-2023_11-17-20AM.OMN,water,S3,1,1,TN,ug N/L,-0.0252,-0.429,-105,TP,ug P/L,0.0963,1.21,-12.3
2/22/2023,OM_2-22-2023_11-17-20AM.OMN,bisulfate,S4,1,1,TN,ug N/L,-0.115,-2.64,-209,TP,ug P/L,0.02,0.215,-44
2/22/2023,OM_2-22-2023_11-17-20AM.OMN,S51,95,1,1,TN,ug N/L,0.694,10.1,400,TP,ug P/L,0.14,2.37,25.6
2/22/2023,OM_2-22-2023_11-17-20AM.OMN,S52,96,1,1,TN,ug N/L,0.291,4.75,140,TP,ug P/L,0.12,2.07,15.6
2/22/2023,OM_2-22-2023_11-17-20AM.OMN,S53,97,1,1,TN,ug N/L,0.942,12.9,538,TP,ug P/L,0.155,2.68,35.6
2/22/2023,OM_2-22-2023_11-17-20AM.OMN,S54,98,1,1,TN,ug N/L,0.507,6.39,219,TP,ug P/L,0.126,2.16,18.5
2/22/2023,OM_2-22-2023_11-17-20AM.OMN,S55,99,1,1,TN,ug N/L,0.552,7.87,290,TP,ug P/L,0.133,2.3,23.1
2/22/2023,OM_2-22-2023_11-17-20AM.OMN,S56,100,1,1,TN,ug N/L,0.633,8.89,340,TP,ug P/L,0.124,2.15,18.3
2/22/2023,OM_2-22-2023_11-17-20AM.OMN,S57,101,1,1,TN,ug N/L,0.801,11.1,448,TP,ug P/L,0.146,2.5,29.8
2/22/2023,OM_2-22-2023_11-17-20AM.OMN,S58,102,1,1,TN,ug N/L,0.552,7.37,266,TP,ug P/L,0.133,2.3,23.2
2/22/2023,OM_2-22-2023_11-17-20AM.OMN,S59,103,1,1,TN,ug N/L,0.585,9.6,374,TP,ug P/L,0.107,1.9,10
2/22/2023,OM_2-22-2023_11-17-20AM.OMN,S60,104,1,1,TN,ug N/L,0.605,7.96,295,TP,ug P/L,0.141,2.46,28.5
2/22/2023,OM_2-22-2023_11-17-20AM.OMN,dupS55,105,1,1,TN,ug N/L,0.562,7.9,292,TP,ug P/L,0.132,2.25,21.6
2/22/2023,OM_2-22-2023_11-17-20AM.OMN,spikS60,106,1,1,TN,ug N/L,0.971,13.5,564,TP,ug P/L,0.188,3.18,52.2
2/22/2023,OM_2-22-2023_11-17-20AM.OMN,chk25/250,7,1,1,TN,ug N/L,0.515,7.19,257,TP,ug P/L,0.134,2.29,22.8
2/22/2023,OM_2-22-2023_11-17-20AM.OMN,water,S3,1,1,TN,ug N/L,0.0473,0.111,-79.8,TP,ug P/L,0.0961,1.16,-13.7
2/22/2023,OM_2-22-2023_11-17-20AM.OMN,bisulfate,S4,1,1,TN,ug N/L,-0.0174,-0.184,-93.7,TP,ug P/L,0.0161,0.161,-45.7
2/22/2023,OM_2-22-2023_11-17-20AM.OMN,S61,107,1,1,TN,ug N/L,0.787,10.3,410,TP,ug P/L,0.15,2.6,33.1
2/22/2023,OM_2-22-2023_11-17-20AM.OMN,S62,108,1,1,TN,ug N/L,0.828,12.4,510,TP,ug P/L,0.163,2.81,39.8
2/22/2023,OM_2-22-2023_11-17-20AM.OMN,S63,109,1,1,TN,ug N/L,0.505,6.2,210,TP,ug P/L,0.133,2.29,22.9
2/22/2023,OM_2-22-2023_11-17-20AM.OMN,S64,110,1,1,TN,ug N/L,0.724,9.76,382,TP,ug P/L,0.127,2.15,18.3
2/22/2023,OM_2-22-2023_11-17-20AM.OMN,S65,111,1,1,TN,ug N/L,0.893,12.4,513,TP,ug P/L,0.141,2.42,27
2/22/2023,OM_2-22-2023_11-17-20AM.OMN,S66,112,1,1,TN,ug N/L,0.816,12.8,531,TP,ug P/L,0.142,2.42,27
2/22/2023,OM_2-22-2023_11-17-20AM.OMN,S67,113,1,1,TN,ug N/L,0.515,7.03,250,TP,ug P/L,0.137,2.38,25.8
2/22/2023,OM_2-22-2023_11-17-20AM.OMN,S68,114,1,1,TN,ug N/L,0.685,9.54,371,TP,ug P/L,0.235,3.98,79
2/22/2023,OM_2-22-2023_11-17-20AM.OMN,S69,115,1,1,TN,ug N/L,2.83,38.8,1860,TP,ug P/L,0.81,13.3,414
2/22/2023,OM_2-22-2023_11-17-20AM.OMN,S70,116,1,1,TN,ug N/L,0.637,9.84,386,TP,ug P/L,0.142,2.34,24.7
2/22/2023,OM_2-22-2023_11-17-20AM.OMN,dupS65,117,1,1,TN,ug N/L,0.883,12.4,509,TP,ug P/L,0.141,2.41,26.9
2/22/2023,OM_2-22-2023_11-17-20AM.OMN,spkS70,118,1,1,TN,ug N/L,1,13.8,581,TP,ug P/L,0.179,3.09,49.4
2/22/2023,OM_2-22-2023_11-17-20AM.OMN,chk25/250,7,1,1,TN,ug N/L,0.515,7.73,284,TP,ug P/L,0.134,2.3,23.2
2/22/2023,OM_2-22-2023_11-17-20AM.OMN,water,S3,1,1,TN,ug N/L,-0.0569,-1.54,-157,TP,ug P/L,0.0956,1.18,-13
2/22/2023,OM_2-22-2023_11-17-20AM.OMN,bisulfate,S4,1,1,TN,ug N/L,0.0341,0.8,-47.3,TP,ug P/L,0.019,0.18,-45.1
2/22/2023,OM_2-22-2023_11-17-20AM.OMN,S71,119,1,1,TN,ug N/L,0.608,8.51,321,TP,ug P/L,0.123,2.15,18.2
2/22/2023,OM_2-22-2023_11-17-20AM.OMN,S72,120,1,1,TN,ug N/L,1.48,20,889,TP,ug P/L,0.141,2.32,23.9
2/22/2023,OM_2-22-2023_11-17-20AM.OMN,S73,121,1,1,TN,ug N/L,0.919,12.5,515,TP,ug P/L,0.16,2.78,39.1
2/22/2023,OM_2-22-2023_11-17-20AM.OMN,S74,122,1,1,TN,ug N/L,0.613,8.32,312,TP,ug P/L,0.139,2.4,26.4
2/22/2023,OM_2-22-2023_11-17-20AM.OMN,S75,123,1,1,TN,ug N/L,0.512,6.64,231,TP,ug P/L,0.244,4.12,83.8
2/22/2023,OM_2-22-2023_11-17-20AM.OMN,S76,124,1,1,TN,ug N/L,0.91,13,542,TP,ug P/L,0.13,2.24,21.4
2/22/2023,OM_2-22-2023_11-17-20AM.OMN,S77,125,1,1,TN,ug N/L,0.606,8.46,319,TP,ug P/L,0.129,2.25,21.7
2/22/2023,OM_2-22-2023_11-17-20AM.OMN,S78,126,1,1,TN,ug N/L,0.342,5.03,154,TP,ug P/L,0.106,1.84,8.07
2/22/2023,OM_2-22-2023_11-17-20AM.OMN,S79,127,1,1,TN,ug N/L,1.88,26.4,1210,TP,ug P/L,0.169,2.95,44.7
2/22/2023,OM_2-22-2023_11-17-20AM.OMN,S80,128,1,1,TN,ug N/L,0.375,6.08,204,TP,ug P/L,0.177,3.03,47.2
2/22/2023,OM_2-22-2023_11-17-20AM.OMN,dupS75,129,1,1,TN,ug N/L,0.499,7.05,251,TP,ug P/L,0.217,3.65,68.1
2/22/2023,OM_2-22-2023_11-17-20AM.OMN,spkS80,130,1,1,TN,ug N/L,0.757,10.4,412,TP,ug P/L,0.216,3.66,68.2
2/22/2023,OM_2-22-2023_11-17-20AM.OMN,chk25/250,17,1,1,TN,ug N/L,0.551,8.84,337,TP,ug P/L,0.136,2.35,25
2/22/2023,OM_2-22-2023_11-17-20AM.OMN,water,S3,1,1,TN,ug N/L,0.0074,0.106,-80,TP,ug P/L,0.0962,1.2,-12.4
2/22/2023,OM_2-22-2023_11-17-20AM.OMN,bisulfate,S4,1,1,TN,ug N/L,0.0683,0.435,-64.5,TP,ug P/L,0.019,0.175,-45.3
2/22/2023,OM_2-22-2023_11-17-20AM.OMN,S81,131,1,1,TN,ug N/L,0.369,5.17,160,TP,ug P/L,0.105,1.85,8.47
2/22/2023,OM_2-22-2023_11-17-20AM.OMN,S82,132,1,1,TN,ug N/L,0.726,9.8,384,TP,ug P/L,0.149,2.6,33
2/22/2023,OM_2-22-2023_11-17-20AM.OMN,S83,133,1,1,TN,ug N/L,0.654,8.8,335,TP,ug P/L,0.151,2.64,34.4
2/22/2023,OM_2-22-2023_11-17-20AM.OMN,S84,134,1,1,TN,ug N/L,0.388,5.43,173,TP,ug P/L,0.145,2.56,31.8
2/22/2023,OM_2-22-2023_11-17-20AM.OMN,S85,135,1,1,TN,ug N/L,0.673,9.33,361,TP,ug P/L,0.138,2.41,27
2/22/2023,OM_2-22-2023_11-17-20AM.OMN,S86,136,1,1,TN,ug N/L,0.313,4.42,124,TP,ug P/L,0.116,2.06,15.2
2/22/2023,OM_2-22-2023_11-17-20AM.OMN,S87,137,1,1,TN,ug N/L,0.886,12.1,496,TP,ug P/L,0.137,2.4,26.6
2/22/2023,OM_2-22-2023_11-17-20AM.OMN,S88,138,1,1,TN,ug N/L,0.568,7.92,293,TP,ug P/L,0.131,2.3,23.2
2/22/2023,OM_2-22-2023_11-17-20AM.OMN,S89,139,1,1,TN,ug N/L,0.761,11,442,TP,ug P/L,0.146,2.52,30.6
2/22/2023,OM_2-22-2023_11-17-20AM.OMN,S90,140,1,1,TN,ug N/L,0.563,7.97,295,TP,ug P/L,0.136,2.33,24.4
2/22/2023,OM_2-22-2023_11-17-20AM.OMN,dupS85,141,1,1,TN,ug N/L,0.661,9.13,351,TP,ug P/L,0.137,2.38,25.8
2/22/2023,OM_2-22-2023_11-17-20AM.OMN,spkS90,142,1,1,TN,ug N/L,0.95,13.2,551,TP,ug P/L,0.182,3.15,51.2
2/22/2023,OM_2-22-2023_11-17-20AM.OMN,chk25/250,17,1,1,TN,ug N/L,0.525,7.47,271,TP,ug P/L,0.132,2.28,22.7
2/22/2023,OM_2-22-2023_11-17-20AM.OMN,water,S3,1,1,TN,ug N/L,0.00976,-0.017,-85.8,TP,ug P/L,0.0955,1.17,-13.5
2/22/2023,OM_2-22-2023_11-17-20AM.OMN,bisulfate,S4,1,1,TN,ug N/L,-0.0151,-0.318,-99.9,TP,ug P/L,0.0203,0.195,-44.7
2/22/2023,OM_2-22-2023_11-17-20AM.OMN,S91,143,1,1,TN,ug N/L,0.764,10.2,405,TP,ug P/L,0.133,2.36,25.3
2/22/2023,OM_2-22-2023_11-17-20AM.OMN,S92,144,1,1,TN,ug N/L,0.592,8.13,303,TP,ug P/L,0.137,2.43,27.4
2/22/2023,OM_2-22-2023_11-17-20AM.OMN,S93,145,1,1,TN,ug N/L,0.546,7.25,260,TP,ug P/L,0.137,2.41,26.8
2/22/2023,OM_2-22-2023_11-17-20AM.OMN,S94,146,1,1,TN,ug N/L,0.641,9.04,347,TP,ug P/L,0.135,2.38,25.7
2/22/2023,OM_2-22-2023_11-17-20AM.OMN,S95,147,1,1,TN,ug N/L,0.436,6.09,204,TP,ug P/L,0.111,1.96,12.2
2/22/2023,OM_2-22-2023_11-17-20AM.OMN,S96,148,1,1,TN,ug N/L,0.844,11.5,468,TP,ug P/L,0.149,2.55,31.6
2/22/2023,OM_2-22-2023_11-17-20AM.OMN,S97,149,1,1,TN,ug N/L,0.842,12.6,523,TP,ug P/L,0.147,2.55,31.5
2/22/2023,OM_2-22-2023_11-17-20AM.OMN,S98,150,1,1,TN,ug N/L,1.28,17,740,TP,ug P/L,0.138,2.39,26.1
2/22/2023,OM_2-22-2023_11-17-20AM.OMN,S99,151,1,1,TN,ug N/L,0.558,8.3,311,TP,ug P/L,0.132,2.32,23.9
2/22/2023,OM_2-22-2023_11-17-20AM.OMN,S100,152,1,1,TN,ug N/L,0.851,11.9,486,TP,ug P/L,0.135,2.33,24.3
2/22/2023,OM_2-22-2023_11-17-20AM.OMN,dupS95,153,1,1,TN,ug N/L,0.445,6.19,209,TP,ug P/L,0.114,2.01,13.9
2/22/2023,OM_2-22-2023_11-17-20AM.OMN,spkS100,154,1,1,TN,ug N/L,1.24,16.5,714,TP,ug P/L,0.184,3.21,53.3
2/22/2023,OM_2-22-2023_11-17-20AM.OMN,chk25/250,7,1,1,TN,ug N/L,0.511,7.11,254,TP,ug P/L,0.136,2.34,24.7
2/22/2023,OM_2-22-2023_11-17-20AM.OMN,water,S3,1,1,TN,ug N/L,-0.00781,-0.0756,-88.6,TP,ug P/L,0.0985,1.32,-8.58
2/22/2023,OM_2-22-2023_11-17-20AM.OMN,bisulfate,S4,1,1,TN,ug N/L,0.059,1.27,-25,TP,ug P/L,0.0186,0.19,-44.8
2/22/2023,OM_2-22-2023_11-17-20AM.OMN,S101,155,1,1,TN,ug N/L,0.318,4.43,125,TP,ug P/L,0.114,2.11,17
2/22/2023,OM_2-22-2023_11-17-20AM.OMN,S102,156,1,1,TN,ug N/L,1.86,25.8,1180,TP,ug P/L,0.476,7.67,206
2/22/2023,OM_2-22-2023_11-17-20AM.OMN,S103,157,1,1,TN,ug N/L,0.552,7.34,264,TP,ug P/L,0.143,2.48,29.1
2/22/2023,OM_2-22-2023_11-17-20AM.OMN,S104,158,1,1,TN,ug N/L,0.635,8.75,333,TP,ug P/L,0.138,2.39,26.2
2/22/2023,OM_2-22-2023_11-17-20AM.OMN,S105,159,1,1,TN,ug N/L,0.392,5.52,177,TP,ug P/L,0.105,1.86,8.92
2/22/2023,OM_2-22-2023_11-17-20AM.OMN,S106,160,1,1,TN,ug N/L,0.792,10.9,438,TP,ug P/L,0.151,2.58,32.5
2/22/2023,OM_2-22-2023_11-17-20AM.OMN,S107,161,1,1,TN,ug N/L,0.409,5.78,190,TP,ug P/L,0.101,1.74,4.98
2/22/2023,OM_2-22-2023_11-17-20AM.OMN,S108,162,1,1,TN,ug N/L,0.64,8.85,338,TP,ug P/L,0.144,2.46,28.6
2/22/2023,OM_2-22-2023_11-17-20AM.OMN,dupS105,163,1,1,TN,ug N/L,0.387,5.42,172,TP,ug P/L,0.106,1.84,8.11
2/22/2023,OM_2-22-2023_11-17-20AM.OMN,spkS108,164,1,1,TN,ug N/L,0.993,13.7,572,TP,ug P/L,0.183,3.11,49.8
2/22/2023,OM_2-22-2023_11-17-20AM.OMN,chk150/1500,1,1,1,TN,ug N/L,2.34,31.6,1480,TP,ug P/L,0.359,6.03,149
2/22/2023,OM_2-22-2023_11-17-20AM.OMN,chk100/1000,3,1,1,TN,ug N/L,1.64,22.3,1010,TP,ug P/L,0.272,4.58,99.1
2/22/2023,OM_2-22-2023_11-17-20AM.OMN,chk50/500,5,1,1,TN,ug N/L,0.923,12.9,538,TP,ug P/L,0.177,3.02,46.8
2/22/2023,OM_2-22-2023_11-17-20AM.OMN,chk25/250,7,1,1,TN,ug N/L,0.514,7.26,261,TP,ug P/L,0.135,2.31,23.6
2/22/2023,OM_2-22-2023_11-17-20AM.OMN,chk10/100,9,1,1,TN,ug N/L,0.291,4.03,106,TP,ug P/L,0.109,1.8,6.82
2/22/2023,OM_2-22-2023_11-17-20AM.OMN,chk5/50,11,1,1,TN,ug N/L,0.209,2.95,54.5,TP,ug P/L,0.0988,1.74,4.91
2/22/2023,OM_2-22-2023_11-17-20AM.OMN,chk2.5/25,13,1,1,TN,ug N/L,0.169,2.47,31.6,TP,ug P/L,0.0938,1.63,1.26
2/22/2023,OM_2-22-2023_11-17-20AM.OMN,chk0,15,1,1,TN,ug N/L,0.122,1.8,-0.277,TP,ug P/L,0.0892,1.57,-0.671
2/22/2023,OM_2-22-2023_11-17-20AM.OMN,water,S3,1,1,TN,ug N/L,0.00798,-0.0126,-85.6,TP,ug P/L,0.0967,1.2,-12.7
2/22/2023,OM_2-22-2023_11-17-20AM.OMN,bisulfate,S4,1,1,TN,ug N/L,0.0176,0.227,-74.3,TP,ug P/L,0.0202,0.195,-44.6
2/22/2023,OM_2-22-2023_11-17-20AM.OMN,water,S3,1,1,TN,ug N/L,0.00669,0.0491,-82.7,TP,ug P/L,0.1,1.25,-10.9
